Debt_to_EBITDA,Interest_Coverage,Current_Ratio,Net_Profit_Margin,Default_Prob,PD,Default_Flag
3.996714153011233,2.7565074836168915,1.8027954466581408,11.843366544364507,0.012522450264790728,0.012522450264790728,0
3.361735698828815,3.1597284397045455,1.1311338703289497,8.033305938363197,-0.0429405541125253,0.01,0
4.1476885381006925,5.120940407684893,1.8478423680422642,10.143724114674088,0.21222975030322838,0.21222975030322838,0
5.023029856408026,4.915555398150198,2.0422551435219805,16.392259313036494,0.2543298029036388,0.2543298029036388,0
3.265846625276664,3.968647609053778,1.6653739612894802,10.955495340099517,0.004886007032570434,0.01,0
3.2658630430508193,4.175991074963173,2.2507183250232266,10.232182740780743,0.004059169120388238,0.01,0
5.0792128155073915,5.916497343682638,1.1904843203585709,3.200719295100404,0.32980083121932446,0.32980083121932446,0
4.2674347291529084,3.112642916746255,1.0021381186754332,13.731267830136105,0.1337099082449052,0.1337099082449052,0
3.030525614065048,4.820646071755057,0.7885119004382886,13.227420905705376,0.05973947282003064,0.05973947282003064,0
4.042560043585965,3.696711021349159,2.098417724595673,20.8162736165273,0.374957674318694,0.374957674318694,0
3.0365823071875377,3.6734781951591695,1.7617462625416231,8.461108825234996,-0.12438632353912851,0.01,0
3.034270246429743,5.648165277980786,1.477766131635818,11.095751638319694,-0.06929051977959073,0.01,0
3.741962271566034,5.238124523482044,1.6119874505279281,11.246918418553776,-0.07184072655691974,0.01,0
1.586719755342202,5.220264454000958,1.0498043810806494,17.887266398817374,0.08949243769444414,0.08949243769444414,0
1.7750821674869672,5.958218210731493,2.4783007918467304,9.52352233806524,-0.02949496782920278,0.01,0
2.937712470759027,4.031505762449139,1.551688472790091,11.395107628851695,0.12477420726737339,0.12477420726737339,0
2.4871688796655764,5.022929456942446,1.5437579178419572,13.039482548582697,-0.06734906242438686,0.01,0
3.814247332595274,3.534599865109816,1.7903066495594768,10.93304561578179,0.027899416222380197,0.027899416222380197,0
2.591975924478789,4.486249528732663,1.6924036926946853,7.767831927247359,-0.08353470532597573,0.01,0
2.0876962986647083,3.804785418448473,1.5895536097116525,10.970449964491538,0.21451491277733883,0.21451491277733883,0
4.965648768921554,4.1454939474890775,1.1838102178218752,15.36815874929886,0.08124015809704872,0.08124015809704872,0
3.274223699513464,4.89273553815537,1.6885873428543983,4.867423502944699,0.23098207102270277,0.23098207102270277,0
3.5675282046879238,2.7726689751497915,2.2528097985900137,10.66484837073438,0.06337768809320986,0.06337768809320986,0
2.075251813786543,7.13858091352819,2.0381680184619912,6.499395925304134,0.04137990974514982,0.04137990974514982,0
2.9556172754748173,2.490973927750447,2.1372746506557587,15.975233144624212,-0.018528765887770828,0.01,0
3.6109225897098662,2.1787170808184015,1.2955137294275259,2.384065476081126,0.1870179300266574,0.1870179300266574,0
2.3490064225776974,5.737166310250101,1.1041580718965676,7.205390763642058,0.0043811471979109595,0.01,0
3.875698018345672,5.187494040944404,1.4496852319601408,11.886059375322604,-0.014700200162848863,0.01,0
2.8993613100811952,4.936179725578233,1.5222899649154777,17.827620146171704,0.09638791167949097,0.09638791167949097,0
3.208306250206723,4.94251826389642,1.9376766073883793,9.67124869463506,0.22105230015913513,0.22105230015913513,0
2.898293387770603,3.981629840729628,0.8230141481140723,7.224002366534008,0.14425082149921664,0.14425082149921664,0
5.352278184508938,2.654118442771253,2.1118201277842457,19.40578534720295,0.06301970204209223,0.06301970204209223,0
3.486502775262066,4.113706837290589,1.4367968405684042,2.7599304979187798,0.19117179516487454,0.19117179516487454,0
2.4422890710440996,2.9842574327318325,1.329247572021032,-0.9940297831004088,0.45797093376543185,0.45797093376543185,0
4.322544912103189,5.462679600126627,1.095158249895933,12.200072250266661,0.11963254320302692,0.11963254320302692,0
2.2791563500289778,3.779413927746792,0.8380573312536922,7.489728878236944,0.36391168054440676,0.36391168054440676,0
3.7088635950047553,2.7617542048112327,1.8292682335847659,4.893835914346434,0.3677700814076441,0.3677700814076441,0
1.5403298761202244,3.51792123752051,1.5293271868753615,13.541782236496767,-0.05535882417079946,0.01,0
2.1718139511015693,4.6193971814134365,0.9840156401035784,11.219003568855994,0.2568983079185275,0.2568983079185275,0
3.6968612358691235,3.154413170794038,0.9819684911745535,7.179606846316358,0.3628396623128538,0.3628396623128538,0
4.238466579995411,2.7666694066503528,1.3656861202839488,3.5984780066455277,0.3620872259012513,0.3620872259012513,0
3.6713682811899706,4.365530817237868,2.1676086101157575,14.362286641400724,-0.02035803601023618,0.01,0
3.3843517176117595,4.367449856663084,1.396163459454558,13.251005889793305,-0.058168091394864375,0.01,0
3.1988963044107113,3.2395852369433054,0.8987428187527575,9.504120681103085,0.09852432693071332,0.09852432693071332,0
2.0214780096325726,3.293442541572516,1.4017027743656223,19.233184980238327,-0.06492775450660071,0.01,0
2.7801557916052912,4.348074906036454,1.3909105721009318,4.649576168369237,0.07760597332377435,0.07760597332377435,0
3.0393612290402126,1.827873487754014,0.5,2.3723741453763054,0.6034083468259227,0.6034083468259227,1
4.557122226218915,1.8888043384351674,1.478282053392875,6.540459650593778,0.32300267689413587,0.32300267689413587,0
3.8436182895684614,2.922333668121346,1.4076261879165288,9.772069918222511,0.023378591179074773,0.023378591179074773,0
1.736959844637266,3.679829272432229,1.7784825459253675,11.216697246613458,-0.15558956462036275,0.01,0
3.824083969394795,4.466361348397007,2.239582437978138,8.793819710718351,0.03308802322144571,0.03308802322144571,0
3.1149177195836835,6.213034325424328,1.950626011819103,11.760276982571483,0.08335289616089248,0.08335289616089248,0
2.8230779996940414,5.286489434803029,1.3924445237780678,3.74230287904778,0.0006264357428544531,0.01,0
4.111676288840868,3.7600922050548595,1.057389636503332,17.218823020366298,0.23740565698475724,0.23740565698475724,0
4.530999522495951,3.9714756881459667,2.5293439212999442,9.589244108037157,0.32276689924732926,0.32276689924732926,0
4.431280119116199,2.4962059530432867,1.5236873736057952,15.586479157940637,0.07903589813087947,0.07903589813087947,0
2.6607824767773613,3.972230296011415,1.5055717167651785,11.713626731888521,0.16725723868377035,0.16725723868377035,0
3.1907876241487854,3.5670120416197926,1.4903499651559986,12.28376609576892,0.04190190093660452,0.04190190093660452,0
3.831263431403564,4.484077840507134,1.579233904307142,12.84883640116102,-0.07050118557584088,0.01,0
4.475545127122359,2.7591535846715156,1.4422558352304231,12.238542800086574,0.1944230922342294,0.1944230922342294,0
3.02082576215471,4.779019771361758,1.2705351972479055,13.21361379933772,0.055832691252172245,0.055832691252172245,0
3.314341023336183,6.299108369503866,1.281256423503843,16.645762650662157,0.007600539141241151,0.01,0
2.393665025993972,3.8368597773147135,1.4868986919136007,10.982605848507351,0.05387559924463692,0.05387559924463692,0
2.303793375919329,4.602567583148412,1.282630091546494,13.545018787942562,-0.09206735930793664,0.01,0
4.312525822394198,5.035215987566669,1.2148616869291342,9.551321528563866,0.21693608240360782,0.21693608240360782,0
4.856240028570823,3.3981692921712456,1.5425720910767586,17.200586077247365,0.05862855030950198,0.05862855030950198,0
3.427989878419666,4.336138722715625,1.3980091130316579,6.618038489703651,-0.011122606134870032,0.01,0
4.503532897892024,4.0188886011726925,2.1015971954330754,19.00470216455408,0.10960923585352103,0.10960923585352103,0
3.861636025047634,4.146514147823248,0.5,9.799210246778284,0.12644700574102335,0.12644700574102335,0
2.8548802453948756,2.8404853242168002,1.9366027407689848,2.8461244894097595,0.32360931752104377,0.32360931752104377,0
3.861395605508414,4.036765261388414,1.9984340769990516,10.640522074553946,0.10913101205942691,0.10913101205942691,0
5.038036566465969,4.746997436868175,0.6706439070367402,6.594741712625596,0.46091381209071774,0.46091381209071774,0
3.4641739608900486,6.176715411692562,1.3629249623678605,14.20321774494362,-0.1092312764672579,0.01,0
5.064643655814006,5.43890623912781,1.3514236536016835,6.736880103488046,0.16835915503051982,0.16835915503051982,0
0.8802548959102556,7.229773686267334,0.9369953221128715,7.7690828339261016,0.3213097699979184,0.3213097699979184,0
4.321902504375224,2.848978655667926,1.1888733249636498,0.552296345272346,0.4141716913639905,0.4141716913639905,0
3.587047068238171,5.308480955081017,1.0557696618136685,7.7384684037546165,0.23193295399816943,0.23193295399816943,0
3.2009926495341325,4.2750130086075275,2.200908177369449,-2.119396633144783,0.23933178393943721,0.23933178393943721,0
3.5917607765355024,7.284704399826508,1.8742713572589844,2.0804858825713834,0.2192049116490032,0.2192049116490032,0
1.5124310853991072,2.787552571967273,2.0086220379976636,13.802073280721487,-0.03091164642025014,0.01,0
3.280328112162488,2.740417236728836,1.788668825617294,13.929000793254161,0.013354090478228232,0.013354090478228232,0
3.8571125715117462,3.1009110318339665,1.0483792915131083,12.127287808924823,-0.015246983638054391,0.01,0
4.977894044741516,0.8141564135352897,1.2901918934880905,5.165119284353935,0.47081086766885905,0.47081086766885905,0
2.9817297817263526,3.2113674674788584,1.6957498244911673,9.7614432192901,0.09567023167945841,0.09567023167945841,0
2.6915063971068123,2.861301007669453,1.011148876443222,9.981987304547157,-0.07859894605079495,0.01,0
2.9982429564154636,4.225590679714312,1.7851993720689552,4.208176554037286,0.06687670464422221,0.06687670464422221,0
4.415402117702074,4.512633963665739,1.403869840736746,17.51699150883575,0.016379462689670332,0.016379462689670332,0
3.8287511096596845,6.814256258823829,1.350071676980161,14.386811452878357,0.05079913269125437,0.05079913269125437,0
2.970239796232961,5.425635757279076,1.7843839872813967,8.89517913085168,-0.11033666061738737,0.01,0
4.013267433113356,3.1346445165063956,1.6777053245944158,10.134429194972654,-0.015289059295248292,0.01,0
3.5970775493480405,2.6523779929774634,1.355613533672368,11.041914039737762,0.038857860453096416,0.038857860453096416,0
4.468644990532889,4.737878757259758,1.9637319213456992,-0.2086743421214532,0.6492999517432791,0.6492999517432791,1
2.7979469061226476,2.019650189469037,1.0675746689600412,8.764113087397016,-0.0006070911539893324,0.01,0
3.1723378534022317,6.747188148781531,1.7463742427777056,6.590078760011007,0.08384907744516419,0.08384907744516419,0
3.1078918468678425,5.769160181081931,1.7372405031873535,4.991899950525422,0.2081829358547565,0.2081829358547565,0
2.0364850518678814,3.2962365218429426,1.376181424274404,8.594498535570226,-0.009888965319114268,0.01,0
3.796120277064576,1.430298206363684,1.630453208896847,18.988432634247612,0.29190764829877686,0.29190764829877686,0
3.761055272179889,6.0308085612481195,0.9995545694458788,13.20421430633505,0.17097254558113487,0.17097254558113487,0
3.505113456642461,3.8281902321210732,1.8696108076827604,7.144105051086016,0.026739231407190298,0.026739231407190298,0
3.265412866624853,5.856724467960193,1.4260391454228043,12.862913906780793,0.032169780619601365,0.032169780619601365,0
2.0846292579495858,1.6083585118084494,1.290910791792384,16.99677718293001,0.13319095463569514,0.13319095463569514,0
3.079354677234641,3.1009374655693405,1.9196036903347558,14.623168414563844,0.09920423495365228,0.09920423495365228,0
3.1572854834732307,4.007865549577275,1.2182625237828963,10.29815184960087,-0.017495975669540864,0.01,0
2.697722730778381,4.070470890647113,0.9366154814545761,6.7653161114721305,0.12442548405071553,0.12442548405071553,0
3.338714288333991,3.3249017927811346,0.8773483305904385,13.49111656806795,0.25365098435704037,0.25365098435704037,0
3.9040508568145382,4.934274898521248,1.7424039805382558,11.967426927108749,-0.08984679817910374,0.01,0
5.38618590121053,2.3985693559261083,0.9878282590014867,14.475966100138661,0.40281811573691284,0.40281811573691284,0
3.674577812831839,3.78643077246806,2.201917672793746,13.175859008409848,-0.0009118996644203544,0.01,0
3.7575503907227645,4.180443447567848,0.6672282368465111,15.247763576596675,0.30858955658315784,0.30858955658315784,0
3.425554084233833,4.771658251088123,2.178582547316015,7.32382394219716,0.04746982328799528,0.04746982328799528,0
1.5812287847009585,5.067422317133335,1.5844069868810473,16.586970328171628,-0.002502695874514392,0.01,0
3.4734861245507833,2.3130368622431963,1.461314755251843,10.987998023461998,0.08177662992002871,0.08177662992002871,0
3.5602302099410266,1.6988287438965664,1.28203236527642,20.376304363126327,0.33902075490173134,0.33902075490173134,0
5.963242112485286,5.916515232847764,1.6596544457408284,6.5540609095521605,0.25578103063518626,0.25578103063518626,0
3.3076390352188776,4.498471017969387,1.4849461190300606,18.679819015826247,0.0010352619843380607,0.01,0
3.8015473423336124,2.8772701951651696,1.9413207528066085,10.98955391731324,-0.13118362323501595,0.01,0
3.4652882302947567,6.326727963283784,1.5456910594648159,6.742909981927758,-0.10651136630753727,0.01,0
2.3313219623804677,4.173511951439288,1.560120704584751,7.5805708297283925,-0.030522470435466766,0.01,0
4.6428228145150205,5.768945776095739,1.3545551151144577,8.3982634590284,0.1390487797840717,0.1390487797840717,0
4.251933032686774,4.101277722115164,1.477221750511573,12.120829732009582,0.1813028697014554,0.1813028697014554,0
4.291031947043047,7.091121887322981,1.6231207075568237,12.614177440177498,0.20566499248971074,0.20566499248971074,0
2.590612545205261,6.633011263664807,0.8159326429373497,7.131499980307105,0.2529692754356731,0.2529692754356731,0
4.902794310936099,3.62655377728139,0.9607258311577148,9.878227038695085,0.3929501221940909,0.3929501221940909,0
2.098148937207719,5.457356426431533,1.7973056376090861,20.71135179305932,0.048650164382620195,0.048650164382620195,0
4.08685709380027,4.968063924377722,1.5683461752511767,18.637715850503557,0.20644744148101205,0.20644744148101205,0
5.690455625809978,6.052947336298523,1.4264066654589282,12.181618348370161,0.0024533433646128644,0.01,0
2.5094636748693118,2.5526148091298433,1.5073735732261573,10.190017390841001,-0.09393353938187543,0.01,0
2.933702270397228,5.029077189997659,1.6390326821446684,10.600156633591306,-0.014408755572161548,0.01,0
3.599651365087641,5.587636730274381,1.2840961278762553,13.067589863652083,-0.12096947428411076,0.01,0
2.9965243458838007,1.3618907703653287,1.1886781098390748,4.886037174007972,0.4599928729996205,0.4599928729996205,0
1.9493365689338673,2.2251122310013374,1.5783381020390725,8.713117312883274,0.15307508323436975,0.15307508323436975,0
3.5685629748060275,0.9411517333598489,1.1086508889539872,1.6570796306120528,0.5218761851697317,0.5218761851697317,1
2.437696286273895,3.595889748333163,1.6633011022857889,11.996115613026397,-0.021344287093020803,0.01,0
3.9735924306351817,5.076313383693943,0.8189665583048638,13.235979698513706,0.3490726136849952,0.3490726136849952,0
2.5805757657661967,6.253535578144042,1.9116622549302575,7.58406768850313,0.014866745720211155,0.014866745720211155,0
5.04993440501754,4.1111421706296625,1.6890389929652172,17.869933816450164,0.16629140288819608,0.16629140288819608,0
2.716746707663763,6.442923318356938,1.6024118937255503,3.871171684988294,0.13865973364590603,0.13865973364590603,0
3.1779384837943243,1.929847812677663,1.8930763935782056,2.678125598950899,0.3697530313511872,0.3697530313511872,0
4.31351721736967,1.444926340967268,2.1661897777850307,11.12225909279986,0.36118231814587715,0.36118231814587715,0
2.269135683566045,3.9166784516550717,1.9057480260072521,15.235491513060772,0.01704162223754877,0.01704162223754877,0
3.7274599346041293,4.576098173408961,0.7636503074673419,18.419638457289345,0.21605739810498648,0.21605739810498648,0
4.807142754282428,3.9509578778588605,0.9881692133057194,7.7055786856553,0.40030460201534146,0.40030460201534146,0
1.8925167654387725,0.8988368499401851,1.2500725689217285,15.39340416715648,0.243693816974635,0.243693816974635,0
3.684633858532304,3.8663199407308175,1.5104364200843334,9.807457652496463,0.11906462747863414,0.11906462747863414,0
3.7598827942484236,2.04329574924272,1.7070636081876494,9.136863500295902,0.09495541354413238,0.09495541354413238,0
4.28182287177731,5.004508823245057,1.2097024747386138,14.418299687433361,0.05151020315500965,0.05151020315500965,0
2.263049289121918,4.549897369145272,1.5747067057908313,13.261614392067099,-0.25539211349019547,0.01,0
2.1795433869157237,2.590180320508967,1.197846827058671,2.1180392150787526,0.29343199112392737,0.29343199112392737,0
4.021941565616897,3.2291996239949596,1.2553928788032207,17.38270174862948,0.06331213015845791,0.06331213015845791,0
3.7969846732331862,2.4111797171665725,0.937335561260711,16.900456770737257,0.17752345981073164,0.17752345981073164,0
3.7504928503458768,3.905981354090242,1.1307067015556382,6.872186492452353,-0.11701130260593595,0.01,0
3.846448209496976,5.432713480751858,0.9593261577534665,11.979017667187046,0.019801956241998042,0.019801956241998042,0
2.8199752784215093,2.5214109304966845,1.1096506988090669,12.470150931413695,0.054146272820478805,0.054146272820478805,0
3.7322536971610036,4.756069773276766,1.9214567186431357,11.303368829119535,0.0759155160302647,0.0759155160302647,0
3.793072473298681,3.204613572441339,1.1202404444672227,7.248474230772899,-0.057651040072671945,0.01,0
2.785648581973632,2.810690751606484,2.5529528259349563,6.641883160309742,-0.259104229214491,0.01,0
5.365774511144757,3.839454460068163,1.6973271603523556,9.872229645042774,0.14537555517475173,0.14537555517475173,0
3.9738329209117875,2.447136516370939,1.5739344494779495,15.863645096296823,0.03918040054025465,0.03918040054025465,0
2.3086965027973516,3.169526041979227,1.1566568879275145,12.718000772972161,-0.1478911568774129,0.01,0
4.15655360863383,2.203183161116727,1.7801239517635965,8.14692833956947,0.2183359919779156,0.2183359919779156,0
2.5253183297726784,6.947087699374584,1.2697448695048905,13.858493553241724,-0.0015309849172995557,0.01,0
4.287084603742452,4.052895327957593,1.5488039258581445,-4.242713103150377,0.45792914996010886,0.45792914996010886,0
4.658595579007404,2.9504117380111214,2.5240338153075177,15.743828501860516,0.21195803684141534,0.21195803684141534,0
2.6793176816482895,4.320969866101333,1.46157604011014,1.3014311061095025,0.10269310591184445,0.10269310591184445,0
4.463376129244322,3.831507925463755,1.9597093305142703,8.187795292984339,0.31965715016644913,0.31965715016644913,0
3.9127809269364984,3.6685456007001656,1.218729429949645,4.401650526869281,0.184147042697303,0.184147042697303,0
4.32206015999449,4.9212500500651375,1.4860046038012154,3.526592621395471,0.3972695460490068,0.3972695460490068,0
5.396792982653947,5.136261565070958,2.208320254254204,15.804133936892597,0.1066732040926804,0.1066732040926804,0
3.2546118839971294,3.204248278584209,1.249213176884893,7.661493993440543,-0.044328225119151035,0.01,0
2.7462638356425106,3.1362726390329803,2.2249794231987714,11.732519408653578,-0.0884802714026901,0.01,0
2.6104855703744767,3.587422454272534,1.7831007741821903,9.76539710560408,-0.0172946059923423,0.01,0
2.6841897150345617,0.547118252896623,1.275013289642293,12.385204136115608,0.3711708480142344,0.3711708480142344,0
3.422898290585896,1.7272134067021714,1.7529630956222084,10.384109455301276,0.06280988570686438,0.06280988570686438,0
3.841151974816644,6.050311401166788,1.889021779850692,3.5850388790571515,0.03864386021232588,0.03864386021232588,0
3.776690799330019,6.467451570251925,1.7487239848868785,14.981334097235699,0.14711703274936086,0.14711703274936086,0
4.327183249036024,3.6264459406654326,0.8719101120438174,7.531217084193438,0.37906763228481344,0.37906763228481344,0
3.513001891877907,4.864835444583649,1.2091451296700526,2.217090506701245,0.13309272613400835,0.13309272613400835,0
4.953534077157316,4.466875231815304,1.4009925457793981,7.859424195170437,0.30399046873960767,0.30399046873960767,0
3.235343166762044,8.618321212682856,1.4702266283599814,17.503798953171554,-0.06056155397368641,0.01,0
6.220169166589619,5.679362367151866,1.7482688390202712,14.251108710567465,0.3826009713546936,0.3826009713546936,0
4.125667347765006,3.80812361277885,1.5710804003733014,8.256739327960704,0.26779258713392695,0.26779258713392695,0
2.6428424435837172,2.5666893390993613,0.9658622565159595,8.253711478407856,0.15120885918542976,0.15120885918542976,0
2.429107501938888,1.5903305196136412,1.6520791404023853,8.391824743913087,0.41573082132655037,0.41573082132655037,0
3.982472415243185,4.305195453800835,1.7442342981135293,20.383739917804206,-0.060571492300333846,0.01,0
3.276537214674149,2.865473882073545,1.723916179172416,11.909677261157768,0.0742095372009307,0.0742095372009307,0
4.214000494092092,1.8666194356034889,1.9323122902218488,12.150208235955349,0.4299292580406492,0.4299292580406492,0
3.973237624573545,3.03014067363621,1.8335688618195616,15.151417270159211,0.1301741289398798,0.1301741289398798,0
3.4271710873431274,2.3776779945784074,1.6836720316913747,11.193945795132567,0.15615111967268527,0.15615111967268527,0
2.653206281931595,6.530712452608848,1.4719337154165413,8.704789270896484,0.0032004149065766626,0.01,0
1.9851527753141354,5.322459635424176,0.8356156265936034,9.018250754575108,0.12465821296538165,0.12465821296538165,0
3.0534850479329787,3.988041038025074,1.6718472876530344,9.64199370292968,0.04599721429391165,0.04599721429391165,0
4.356398794323472,6.2199162083350386,1.5830750748652445,9.813888817450792,0.1322284630247894,0.1322284630247894,0
3.7140937441302038,4.116052461471427,1.6086315348781495,13.6381477181849,0.20133872475266232,0.20133872475266232,0
2.254261221288012,2.7080736980076043,0.9893005696718762,10.259729429036497,0.21365353310827376,0.21365353310827376,0
3.673180925851182,6.284686115904486,1.067577383836695,13.663200386077897,-0.03653215513121087,0.01,0
3.885317379728837,4.8083650655269885,1.9212611413331615,9.596417099457089,0.018468030586490842,0.018468030586490842,0
2.616142563798867,2.4441307685103153,1.484177938457338,10.393175951580453,-0.13471262895296965,0.01,0
3.653725105945528,3.7144919828745877,1.7726002789490498,0.008996577339461354,0.10283859614893485,0.10283859614893485,0
3.558208718446,2.686572619922864,1.5113273504521845,14.581638373512408,0.12004139079444254,0.12004139079444254,0
2.3570297021693767,1.9258004035534961,1.511902455798298,11.732442379489964,0.13431057210286043,0.13431057210286043,0
3.8577873603482833,5.3892663212974625,1.8753135223903992,14.99005054929826,-0.10469109826819396,0.01,0
4.060784526368234,6.864124960705196,1.2935821087130503,-4.481276890968447,0.45366527525272865,0.45366527525272865,0
4.583051243175277,1.9021486392712883,1.5384483107763933,20.441873523903638,0.5185704154662998,0.5185704154662998,1
4.553802052034903,4.844453855035856,1.315089884517983,9.30205185922413,0.2718953310665067,0.2718953310665067,0
2.122330632042909,3.0240361463172594,1.3262015090270738,15.540914083687582,0.09960476858058165,0.09960476858058165,0
2.562174960084877,3.269311924352956,1.3763311506125442,4.800470364372345,0.12432049114305394,0.12432049114305394,0
4.01503526720866,3.111409113641696,1.5888535086534852,13.063869525312848,0.05781893332581564,0.05781893332581564,0
4.013785950912209,2.704013845480276,1.308500551334609,4.732922184131719,0.5501333651955487,0.5501333651955487,1
4.015047686306048,4.072782441917241,2.0023024502294082,6.881155196520974,0.16773201611578642,0.16773201611578642,0
7.352731490654721,2.7535748253834433,1.1421570791121984,19.57015676933393,0.17491669835449528,0.17491669835449528,0
4.070890510693167,4.405685238669758,1.4252513423354565,9.046587996183266,0.3328194141849058,0.3328194141849058,0
4.635565640180599,3.9246428358262944,1.32410757669033,11.087164365898614,0.255623000940066,0.255623000940066,0
4.454001763493203,3.6415779297003854,2.078791153741493,14.350338653443771,0.24558877720816077,0.24558877720816077,0
4.151391251305798,2.6386545069376033,1.57862191060463,12.478409439863023,0.4165002344901084,0.4165002344901084,0
3.1847307553596544,3.134843004147501,1.912737815787454,10.752094525717883,-0.0643518230380143,0.01,0
4.258969220493268,5.133086838738635,0.9057758507852112,11.824805012331128,0.49278401280812373,0.49278401280812373,0
2.727174785462428,4.751375781436571,1.6068201063477034,22.017077926191376,0.005701312489708451,0.01,0
3.263181393259991,2.533667132802173,1.855852318249375,9.711906014832072,0.026859227886325693,0.026859227886325693,0
3.0146364521708966,4.148998458143839,1.5329135957101696,11.005495233574837,0.15284684264125317,0.15284684264125317,0
3.5818741393863225,5.127080685057684,1.9261921500261405,15.253271980038061,0.05078357562896238,0.05078357562896238,0
5.814658566673509,1.4958920783179424,1.2930846199598511,15.52762966478992,0.4538296079049633,0.4538296079049633,0
1.632734807408252,4.815040288569903,2.063738976074232,15.935151527801901,0.10725073373098022,0.10725073373098022,0
4.186260190374513,3.00606436158123,2.4195592494477003,13.193651110145924,0.16350472704571148,0.16350472704571148,0
1.8872841288103483,4.855898002889739,1.3548645758241364,4.284975436347582,0.11607903326609936,0.11607903326609936,0
3.0280681342105664,2.855111265186225,1.3217989914396913,18.167157661505478,-0.10448091940210336,0.01,0
4.588950596967366,1.2926768490032217,2.0813537908470803,4.26827303490656,0.40336434106239993,0.40336434106239993,0
3.5642800190954627,1.558686343175256,2.131828858292285,11.513177326195166,0.40562071299403224,0.40562071299403224,0
2.422255222070694,4.072127419992073,1.2908559891386926,6.228620749903211,-0.11032083657216832,0.01,0
2.784696290740032,4.389583752582222,1.331925273161657,9.679308267035037,-0.022125362358577202,0.01,0
4.179597748934675,2.6435250623433872,1.3872861564557972,11.643812051517402,0.17231867001110796,0.17231867001110796,0
2.7696333682828636,4.957888688166061,0.9622197955862891,11.606786077251366,0.2307406697809101,0.2307406697809101,0
3.716458589581975,1.5077199065965603,1.1325392214063208,12.109603771176424,0.2815737212539297,0.2815737212539297,0
3.545571839903814,3.9008803020290252,1.0983436932991728,18.068556345293235,0.08604734883597454,0.08604734883597454,0
2.848399652394183,2.1834757003563148,1.1928809739583486,12.267671507569899,-0.05830774385689385,0.01,0
5.643944089325325,3.022245838296761,1.4861260450452876,8.779216823546756,0.18328782862135887,0.18328782862135887,0
4.133919022318011,4.071098006974621,1.5936858930146083,14.820435841441785,0.22825799504883,0.22825799504883,0
1.4748574133423928,2.7093799520740713,2.120200197125631,15.947352444623203,-0.02486911261835471,0.01,0
3.6864543147694278,3.423166683655262,1.1006583837044837,3.8619609243150377,0.3607345576019993,0.3607345576019993,0
2.838213535231612,5.509439213821661,1.8937289593906335,12.98700034924929,0.04909749516382514,0.04909749516382514,0
4.352433334796224,3.134662195715277,1.4144044623097964,13.505863711554492,0.27348777860498175,0.27348777860498175,0
2.7074792615672996,5.2535381680977125,1.4802145161390268,8.512182483200041,0.06628812686674128,0.06628812686674128,0
3.385263558533101,2.305439718013573,1.7699277968666416,16.878534066558096,0.1173473857485325,0.1173473857485325,0
4.004987278980457,4.794706266872924,1.0509111913750806,9.249722064837366,0.2181021558703707,0.2181021558703707,0
4.365755194170122,6.1623529309868506,1.6529638984736201,10.62788226735771,0.07031680520441536,0.07031680520441536,0
2.2997035929442236,0.5,1.5665808832852224,9.134640878580653,0.23996879517526418,0.23996879517526418,0
3.1654987641590515,2.804657116794285,1.6969805056032596,10.077895237907338,-0.0651356893791829,0.01,0
3.025054688839044,4.86560819077081,1.6156674575631271,4.518624565523991,0.14713833182502434,0.14713833182502434,0
2.8466707674262883,3.695431920935511,2.4821200559643577,2.7997455870285286,0.25863640187550935,0.25863640187550935,0
5.265454240281096,4.556718810056963,1.2449040062994736,17.97252531612486,0.3238283071433636,0.3238283071433636,0
3.9049817109609557,3.094022219926269,1.2876012179992729,5.765193258408361,0.002127157673606165,0.01,0
2.2391160456649546,4.12988468120935,1.2507437894300941,5.043038252718464,0.03088330125989638,0.03088330125989638,0
4.417861947054776,3.7664841469118806,1.277809152335898,-0.766950568018574,0.5702214944635238,0.5702214944635238,1
5.622156197012633,5.751673092489711,1.2450451490773928,6.805191261552489,0.22407531794885685,0.22407531794885685,0
4.532465260551147,4.381631264951819,1.9756066124430207,3.3845510329625084,0.6601683114180394,0.6601683114180394,1
1.9806300340459866,4.506403993112803,2.068201699195942,18.210075800681846,0.05655096456315442,0.05655096456315442,0
3.0157659271337485,3.382184550816299,1.2717014825002095,15.049085446713171,-0.17607627591558178,0.01,0
4.7669111491866225,3.26859066389126,1.1670577707583085,6.559248274111381,0.27533416211045325,0.27533416211045325,0
2.792330534381219,3.3511627182705688,1.6885662225545617,21.262179026721544,0.03811583848827778,0.03811583848827778,0
3.943819428146228,4.591678213567445,1.2791107822876115,14.90882743495797,0.12897527540827455,0.12897527540827455,0
4.274634053429336,3.3685232787696053,1.7531727271022044,8.375843082456887,0.26731813512699587,0.26731813512699587,0
2.573069528421917,4.434662285344619,1.58116920834052,-2.4970285743678655,0.18615440160162264,0.18615440160162264,0
3.4404746439382,7.113101197968158,0.8937023540011072,21.45471286295371,0.07757017637106343,0.07757017637106343,0
0.5,5.306687055147538,2.1190020805320247,3.05213766618202,0.17909767427139747,0.17909767427139747,0
2.4756123586657104,3.510964701748238,2.2183510692382087,1.7730062652155407,0.11494795457906999,0.11494795457906999,0
3.2474318486068396,5.8018208832459175,1.2548845238062456,15.112852160048202,-0.05805234498047227,0.01,0
2.2522168180351505,3.387886940467673,1.3449193760256064,22.198762031696365,0.058857840442060966,0.058857840442060966,0
5.132411303931635,0.9428131972332192,1.614346156289962,16.92136409255259,0.5669904504351406,0.5669904504351406,1
2.0698586220393675,2.487870533623894,1.63378271599481,12.819545600261797,0.03946715298229811,0.03946715298229811,0
3.059955513303016,1.1938121184612163,1.7634177090691323,12.97377170832643,0.08041169379648157,0.08041169379648157,0
3.6307405772860912,3.472729773938037,2.3040818155065397,14.267077793901539,0.04446026682201407,0.04446026682201407,0
4.941273289066116,4.027627568784328,1.4292211090023803,13.794642948933825,0.31966314866456513,0.31966314866456513,0
2.0641378488205606,6.514655968412924,1.1806811021846184,11.405957119846878,-0.060978290431938226,0.01,0
4.66316375215496,4.490391060646244,0.9482723087941891,10.521005519759381,0.38659828333270824,0.38659828333270824,0
3.510233061019587,3.6713492067867035,1.2076279840232322,9.687034360502388,0.0014688194729197094,0.01,0
2.518491348952049,5.2441083717752335,1.4867492108504812,6.230177055666619,-0.07848983130822401,0.01,0
3.962103474263271,0.6832970364881721,2.217823145407115,8.59662461566613,0.2648280433843859,0.2648280433843859,0
3.69905969557347,4.353421837162849,1.2929554803855314,1.5352159290230727,0.18790518513922186,0.18790518513922186,0
2.8997831228412054,5.15629779083045,1.5895151806555594,9.508301866026251,0.041953244390702776,0.041953244390702776,0
3.5698020849900187,1.7821206313302378,1.4934308415708992,5.057044464245413,0.11125078221979,0.11125078221979,0
3.11468640313824,5.715631064810394,1.9753573093792336,4.482053413921145,0.15625416996765895,0.15625416996765895,0
3.613517345251248,4.5077446112416215,2.510772970349449,10.899470755767393,0.07223813578277714,0.07223813578277714,0
4.1621306745210465,3.377068129148798,1.2876524908318716,16.960011431722997,0.1627166847908233,0.1627166847908233,0
5.086016816145352,4.949172799159427,1.304224222992711,14.591583030011565,0.3726963851233405,0.3726963851233405,0
2.262184501173151,7.406039286706594,1.9176643508276288,2.1474969818841148,0.16003638143853977,0.16003638143853977,0
5.633033374656266,4.272799382587743,1.7727565958505247,5.051859317148312,0.2224684725751886,0.2224684725751886,0
1.5479122004774981,4.372330879450504,2.2386829302944133,14.703855939941079,0.093259083187309,0.093259083187309,0
3.3482149049644168,3.310958650689634,1.7335712741303855,5.087563032308452,-0.14183657329330318,0.01,0
4.088317206484577,2.7252334458028122,1.3562831636851762,8.876834250014877,0.023919118801922407,0.023919118801922407,0
3.7809918677350325,5.245503724816368,1.7362619322769237,12.75026049512276,-0.1525656314570095,0.01,0
2.8773004801794064,2.7158742611366993,1.943481432233163,5.158277725681824,0.1262584103427182,0.1262584103427182,0
3.2918777496427247,4.107349355829089,1.8281928724789456,10.526877530729799,-0.05518581458924468,0.01,0
3.006999065341167,3.2835138298523248,1.702909612442919,3.3298725254089776,0.45581992856682524,0.45581992856682524,0
2.9106352430557885,4.7184697386195875,1.9266698758356615,6.993161780243931,-0.05642475986573886,0.01,0
4.349602097021025,4.500493157930422,1.967718236178269,11.598909670712684,0.2184551303197037,0.2184551303197037,0
3.8570154859650474,5.556309916386849,2.052863596415011,2.035031332341654,0.35421099525678756,0.35421099525678756,0
2.8070904047393457,3.2349754017178793,1.759483955035857,12.202373689801995,0.2006092888159123,0.2006092888159123,0
4.399599875433251,3.595187597059943,1.4331527678732583,9.901811005366595,0.4061503576636398,0.4061503576636398,0
3.8072995208766094,2.531854426326539,1.5586854745733292,12.762449772085738,0.12083662305931425,0.12083662305931425,0
4.31286211883896,3.3335601098858327,1.9826035866033427,11.119570670323307,0.3024062525811463,0.3024062525811463,0
4.129628841923612,4.5659507395672785,1.1732257316051056,16.82070214986922,0.2592526949201183,0.2592526949201183,0
